<?xml version="1.0" encoding="UTF-8"?>
<project-private xmlns="http://www.netbeans.org/ns/project-private/1">
    <editor-bookmarks xmlns="http://www.netbeans.org/ns/editor-bookmarks/2" lastBookmarkId="0"/>
    <open-files xmlns="http://www.netbeans.org/ns/projectui-open-files/2">
        <group>
            <file>file:/C:/Users/Diego%20Arreola/Downloads/Increments_OOP-main/Increments_OOP-main/src/DAO/DAOFunciones.java</file>
            <file>file:/C:/Users/Diego%20Arreola/Downloads/Increments_OOP-main/Increments_OOP-main/src/Test/MainTeatro.java</file>
            <file>file:/C:/Users/Diego%20Arreola/Downloads/Increments_OOP-main/Increments_OOP-main/src/Controladores/ControlFunciones.java</file>
            <file>file:/C:/Users/Diego%20Arreola/Downloads/Increments_OOP-main/Increments_OOP-main/src/vistasproyecto/AGREGARfunciones.java</file>
            <file>file:/C:/Users/Diego%20Arreola/Downloads/Increments_OOP-main/Increments_OOP-main/src/vistasproyecto/Listausuarios.java</file>
            <file>file:/C:/Users/Diego%20Arreola/Downloads/Increments_OOP-main/Increments_OOP-main/src/vistasproyecto/ListaObras.java</file>
            <file>file:/C:/Users/Diego%20Arreola/Downloads/Increments_OOP-main/Increments_OOP-main/src/vistasproyecto/editarFunciones.java</file>
        </group>
    </open-files>
</project-private>
